id,id_gudang,nama_gudang,no_tlp,alamat,titik_lokasi
1,106300,STEWARTS SHOPS CORP ,080033,KAB. ACEH BARAT,"4.4543,96.1527"
2,203000,CHURCH OIL CO INC,12345,KAB. ACEH BARAT DAYA,"3.7963,97.0068"
3,301000,CUMBERLAND FARMS INC,105169,KAB. ACEH BESAR,"5.4529,95.4778"
4,400900,DELTA SONIC CAR WASH SYSTEMS INC,148458,KAB. ACEH JAYA,"4.7874,95.6458"
5,503000,SYDJESKO LLC,190145,KAB. ACEH SELATAN,"3.3115,97.3517"
6,605200,DOLGENCORP OF NEW YORK INC,728621,KAB. ACEH SINGKIL,"2.3589,97.8722"
7,708800,TOPS PT LLC ,300671,KAB. ACEH TAMIANG,"4.2329,98.0029"
8,806400,STEWARTS SHOPS CORP ,335779,KAB. ACEH TENGAH,"4.4483,96.8351"
9,905100,TOPS PT LLC ,360200,KAB. ACEH TENGGARA,"3.3089,97.6982"
10,1001500,DRAKE PETROLEUM CO INC ,415643,KAB. ACEH TIMUR,"4.5224,97.6114"
11,1102400,J LAIACONA LLC ,720191,KAB. ACEH UTARA,"4.9786,97.2221"
12,1207800,NORTH CREEK ENTERPRISES LLC ,731423,KAB. BENER MERIAH,"4.7514,96.9525"
13,1300700,HARI KRUPA LLC ,510443,KAB. BIREUEN,"5.1086,96.6638"
14,1404000,CUMBERLAND FARMS INC ,515283,KAB. GAYO LUES,"3.9552,97.3517"
15,1503700,PETERS APPLE BIN FARM MARKET INC ,515762,KAB. NAGAN RAYA,"4.1248,96.493"
16,1601300,DOLGENCORP OF NEW YORK INC ,724204,KAB. PIDIE,"5.0743,95.941"
17,1701300,ELLIOTT JOHN ,703932,KAB. PIDIE JAYA,"5.1548,96.1951"
18,1803900,ROBT T COCHRAN&CO INC ,601880,KAB. SIMEULUE,"2.644,96.0256"
19,1902500,WILKLOW FRED ,610706,KOTA BANDA ACEH,"5.5483,95.3238"
20,2002800,MESSERICH ALICE H ,624199,KOTA LANGSA,"4.4725,97.9756"
21,2108700,MYMUN DELI AND GROCERY CORP ,732805,KOTA LHOKSEUMAWE,"5.1812,97.1413"
22,2209100,TMW GROUP INC ,724999,KOTA SABANG,"5.8926,95.3238"
23,2308800,WALGREEN EASTERN CO INC ,733097,KOTA SUBULUSSALAM,"2.7121,97.9157"
24,2406500,AAA PLUS DELI & GRILL INC ,742842,KAB. ASAHAN,"2.8175,99.6341"
25,2504700,MUNCAN FOOD CORP ,635753,KAB. BATUBARA,"3.1741,99.5006"
26,2603500,CANDY SHOP (USA) INC ,715118,KAB. DAIRI,"2.8676,98.2651"
27,2702500,ULLIS OIL MILL LLC ,729757,KAB. DELI SERDANG,"3.4202,98.7041"
28,2809200,ZHONG MEI (USA) TRADING INC ,639988,KAB. HUMBANG HASUNDUTAN,"2.1989,98.5721"
29,2908100,ZNA ENTERPRISE INC ,715748,KAB. KARO,"3.1053,98.2651"
30,3001300,NANCY CONVENIENCE INC ,722540,KAB. LABUHANBATU,"2.344,100.1703"
31,3109300,ALBION FOODS LLC ,734498,KAB. LABUHANBATU SELATAN,"1.8799,100.1703"
32,3209300,PRICE CHOPPER OPERATING CO INC ,035496,KAB. LABUHANBATU UTARA,"2.3466,99.8125"
33,3305300,WESTERN BEEF RETAIL INC ,551000,KAB. LANGKAT,"3.8654,98.3088"
34,3403100,L&M EUROPEAN MINI MARKET INC ,608873,KAB. MANDAILING NATAL,"0.7432,99.3673"
35,3500700,PEREZ BERNARDO ,610954,KAB. NIAS,"1.0869,97.7417"
36,3601500,MI NANA DELI GROCERY CORP ,741132,KAB. NIAS BARAT,"1.0116,97.4814"
37,3708600,FLAMING MEAT WAREHOUSE CORP ,704697,KAB. NIAS SELATAN,"0.7086,97.8286"
38,3806100,RANDOLPH PEACHES AND CREAM LLC ,040216,KAB. NIAS UTARA,"1.3166,97.3949"
39,3900800,WALGREEN EASTERN CO INC ,736106,KAB. PADANG LAWAS,"1.1187,99.8125"
40,4005200,WALGREEN EASTERN CO INC ,733091,KAB. PADANG LAWAS UTARA,"1.5759,99.6341"
41,4103000,ALESRAA HALAL MEAT MARKET INC ,608248,KAB. PAKPAK BHARAT,"2.5135,98.2213"
42,4200100,SUNNY FRUIT&VEGETABLES INC ,603846,KAB. SAMOSIR,"2.6274,98.7922"
43,4308100,HP GAS INC ,731812,KAB. SERDANG BEDAGAI,"3.3372,99.0571"
44,4400700,MAHAVIR CONVENIENCE INC ,281412,KAB. SIMALUNGUN,"2.9782,99.2786"
45,4509800,NICHOLAS CHARLENE ,729856,KAB. TAPANULI SELATAN,"1.5775,99.2786"
46,4605700,MUNOZ HAROLD ,733525,KAB. TAPANULI TENGAH,"1.8493,98.7041"
47,4700300,Y&Y FARM CORP ,615610,KAB. TAPANULI UTARA,"2.0405,99.1013"
48,4803000,ROMAN JOSE ,614812,KAB. TOBA SAMOSIR,"2.3502,99.2786"
49,4906200,BONAO MEATS AND PRODUCE II INC ,725992,KOTA BINJAI,"3.6135,98.5025"
50,5009400,STEWARTS SHOPS CORP ,718485,KOTA GUNUNGSITOLI,"1.2805,97.6147"
51,5107800,ZMAN BROTHERS INC ,474562,KOTA MEDAN,"3.5952,98.6722"
52,5207400,DRESSEL FARMS LLC ,510538,KOTA PADANGSIDEMPUAN,"1.3722,99.273"
53,5309700,RICKY DELI GROCERY CORP ,727447,KOTA PEMATANGSIANTAR,"2.97,99.0682"
54,5405400,SPEEDWAY LLC ,720751,KOTA SIBOLGA,"1.7368,98.7851"
55,5504600,SONBYRNE SALES INC ,325176,KOTA TANJUNGBALAI,"2.9662,99.7985"
56,5603800,MOTHANNA ABDULLA ,141656,KOTA TEBING TINGGI,"3.3263,99.1567"
57,5705800,KOREY DELI GROCERY CORP ,743344,KAB. AGAM,"-0.2209,100.1703"
58,5809500,NEELKANTH BEVERAGE CORP ,718564,KAB. DHARMASRAYA,"-1.1121,101.6158"
59,5906200,J & R LUMP INC ,725937,KAB. KEPULAUAN MENTAWAI,"-1.426,98.9245"
60,6008600,BROTHERS HALAL MEAT MARKET INC ,612349,KAB. LIMA PULUH KOTA,"0.0734,100.5296"
61,6103200,SMITHVILLE GENERAL STORE LLC ,080076,KAB. PADANG PARIAMAN,"-0.5547,100.2152"
62,6206600,NIVER PHILIP H JR ,110009,KAB. PASAMAN,"0.2209,100.1703"
63,6306200,SOUTARIA ROKIA CORP ,604351,KAB. PASAMAN BARAT,"0.2213,99.6341"
64,6410000,QUISQUEYA DELI & GROCERY CORP ,735595,KAB. PESISIR SELATAN,"-1.7223,100.8903"
65,6501300,GENERAL NUTRITION CORP ,280527,KAB. SIJUNJUNG,"-0.6647,101.0712"
66,6602300,HICKORY FARMS LLC ,060214,KAB. SOLOK,"-0.9644,100.8903"
67,6704300,SUSHI WITH GUSTO INC ,722908,KAB. SOLOK SELATAN,"-1.4157,101.2524"
68,6804000,PAUL REDLINSKI&SONS INC ,147160,KAB. TANAH DATAR,"-0.4797,100.5746"
69,6904600,DOLLAR TREE STORES INC ,708215,KOTA BUKITTINGGI,"-0.3039,100.3835"
70,7003600,1460 GOURMET DELI INC ,712097,KOTA PADANG,"-0.9471,100.4172"
71,7108700,206 SAMY GOURMET DELI CORP ,725457,KOTA PADANGPANJANG,"-0.4661,100.3984"
72,7208600,SHLOMI GLATT KOSHER MEAT INC ,616020,KOTA PARIAMAN,"-0.6257,100.1233"
73,7303200,PROPEL MEDIA INC ,727151,KOTA PAYAKUMBUH,"-0.2298,100.6309"
74,7406100,MARTINS FOODS OF S BURLINGTON LLC,380393,KOTA SAWAHLUNTO,"-0.6841,100.7323"
75,7501300,BIG LOTS STORES INC ,141197,KOTA SOLOK,"-0.7885,100.655"
76,7607100,DOLGENCORP OF NEW YORK INC ,510809,KAB. BENGKALIS,"1.4139,101.6158"
77,7709600,MAULIN CORP ,606439,KAB. INDRAGIRI HILIR,"-0.1457,102.9896"
78,7803300,VERO&BERE DELI INC ,281297,KAB. INDRAGIRI HULU,"-0.7361,102.2548"
79,7903700,CVS ALBANY LLC ,530056,KAB. KAMPAR,"0.1467,101.1617"
80,8005700,GOLDEN ROOTS INC ,719432,KAB. KEPULAUAN MERANTI,"0.9209,102.6676"
81,8106100,SWORDFISH OWNERS CORP ,743285,KAB. KUANTAN SINGINGI,"-0.4412,101.5248"
82,8203500,POSPESEL-ALLEN WENDY ,727399,KAB. PELALAWAN,"0.1461,102.2548"
83,8308200,J D FOOD MARKET CORP ,727124,KAB. ROKAN HILIR,"1.6464,100.8"
84,8400700,B&G DELI FOOD CORP ,718340,KAB. ROKAN HULU,"1.0411,100.4397"
85,8509100,CVS ALBANY LLC ,100184,KAB. SIAK,"0.8119,101.798"
86,8605500,REID STORES INC ,345052,KOTA DUMAI,"1.6666,101.4002"
87,8704900,QADER ABDUL GALIL&ABDULWAHED MUNI,607481,KOTA PEKANBARU,"0.5071,101.4478"
88,8806700,RL VALLEE INC ,090313,KAB. BINTAN,"1.0619,104.5189"
89,8904400,FOURTH AVENUE BAGEL BOY INC ,616427,KAB. KARIMUN,"0.7698,103.4049"
90,9008400,1949 FOOD CORP ,733791,KAB. KEPULAUAN ANAMBAS,"3.1055,105.6537"
91,9101800,HEMLOCK'S FARM AND GARDEN INC ,736806,KAB. LINGGA,"-0.4726,104.4258"
92,9207000,SPEEDWAY LLC ,736334,KAB. NATUNA,"4,108.25"
93,9309300,PRODUCE MARKET 2000 INC ,619082,KOTA BATAM,"1.1301,104.0529"
94,9407400,ECKERD CORP ,370072,KOTA TANJUNG PINANG,"0.9186,104.4665"
95,9502300,M&A MINIMARKET CORP ,736798,PULAU TAMBELAN KAB. BINTAN,"1.1216,107.3259"
96,9603500,PLACITA DE DIOS GROCERY CORP ,390595,PEKAJANG KAB. LINGGA,"-0.0752,104.6305"
97,9708300,MIRCHI BAR N GRILL LLC ,737768,PULAU SERASAN KAB. NATUNA,"2.5179,109.0513"
98,9801600,SAS FOOD MART INC ,736596,PULAU MIDAI KAB. NATUNA,"2.9979,107.7755"
99,9900100,GOOD GUY MEAT MARKET CORP THE ,609360,PULAU LAUT KAB. NATUNA,"4.7103,107.971"
100,10008200,DIKSHA 1426 INC ,736082,KAB. BATANGHARI,"-1.7084,103.0818"
101,10109700,LUCKY 99 CENTS SHOP INC ,609443,KAB. BUNGO,"-1.6401,101.8892"
102,10203200,DOLGENCORP OF NEW YORK INC ,730494,KAB. KERINCI,"-1.872,101.4339"
103,10301100,CVS ALBANY LLC ,370101,KAB. MERANGIN,"-2.1753,101.9805"
104,10403200,KKISB CORP ,731163,KAB. MUARO JAMBI,"-1.5521,103.8216"
105,10509000,BROOKLYN MINI MART INC ,730775,KAB. SAROLANGUN,"-2.323,102.7135"
106,10606900,MOATASEM FOOD CORP ,730444,KAB. TANJUNG JABUNG BARAT,"-1.1058,103.0818"
107,10701000,BREWERTON PHARMACY INC ,311102,KAB. TANJUNG JABUNG TIMUR,"-1.1024,103.8216"
108,10806900,AGING YOUNG REBELS LLC ,742580,KAB. TEBO,"-1.2593,102.3464"
109,10901700,SPEEDWAY LLC ,720750,KOTA JAMBI,"-1.6101,103.6131"
110,11008200,NEWLEV LLC ,738273,KOTA SUNGAI PENUH,"-2.0634,101.3947"
111,11101200,6371 DOLGEVILLE INC ,724462,KAB. BENGKULU SELATAN,"-4.3248,103.0357"
112,11203200,BANK SQUARE COFFEEHOUSE INC ,732646,KAB. BENGKULU TENGAH,"-3.6962,102.3922"
113,11307700,HASAN GROCERY INC ,730458,KAB. BENGKULU UTARA,"-3.2663,101.9805"
114,11402100,HEAVENLY WEDDINGS INC ,743518,KAB. KAUR,"-4.5216,103.2663"
115,11508100,1185 STRAIGHT PATH CORP ,470817,KAB. KEPAHIANG,"-3.613,102.6676"
116,11608500,MIRABITO HOLDINGS INC ,085173,KAB. LEBONG,"-3.1455,102.209"
117,11708900,ALL FRESH FOOD #1 LLC ,740281,KAB. MUKOMUKO,"-2.6449,101.4339"
118,11803400,QUICK CHEK CORP ,740847,KAB. REJANG LEBONG,"-3.4548,102.6676"
119,11907700,UNITED REFINING COMPANY OF PA ,725439,KAB. SELUMA,"-4.0499,102.7135"
120,12005700,RUSSELLS GENERAL LTD ,739804,KOTA BENGKULU,"-3.7928,102.2608"
121,12100500,SPARE MOMENT COFFEE LLC ,729482,KAB. BANYUASIN,"-2.6096,104.7521"
122,12209400,CVS ALBANY LLC ,551612,KAB. EMPAT LAWANG,"-3.7286,102.8975"
123,12301000,E AND K AFRICAN MARKET INC ,713324,KAB. LAHAT,"-3.8009,103.3587"
124,12400700,CUMBERLAND FARMS INC ,135448,KAB. MUARA ENIM,"-3.7114,104.0072"
125,12507200,DOLLAR TREE STORES INC ,290343,KAB. MUSI BANYUASIN,"-2.5442,103.7289"
126,12605400,COLOMBIA CUYABROS DISTRIBUTION IN,729078,KAB. MUSI RAWAS,"-3.0957,103.0818"
127,12704500,"KPH HEALTHCARE SERVICES, INC. ",540159,KAB. MUSI RAWAS UTARA,"-2.7878,102.7135"
128,12805800,AADESH CORPORATION ,724190,KAB. OGAN ILIR,"-3.4265,104.6121"
129,12909700,AFFAIRS SUPPLIER INC ,615515,KAB. OGAN KOMERING ILIR,"-3.456,105.2195"
130,13002900,SERVELLO&SON INC ,215284,KAB. OGAN KOMERING ULU,"-4.0283,104.0072"
131,13104900,WAL-MART STORES EAST LP ,090166,KAB. OGAN KOMERING ULU SELATAN,"-4.6682,104.0072"
132,13201700,GREGORY DELI GROCERY CORP ,740550,KAB. OGAN KOMERING ULU TIMUR,"-3.8568,104.7521"
133,13309900,7-ELEVEN INC ,734638,KAB. PENUKAL ABAB LEMATANG ILIR,"-3.2398,104.0072"
134,13406800,EESHANK INCORPORATION ,737808,KOTA LUBUKLINGGAU,"-3.2996,102.8572"
135,13501500,MY DELI STORE CANDY 2 & GROCERY C,727049,KOTA PAGAR ALAM,"-4.042,103.2279"
136,13603800,MC DELI CORP ,731188,KOTA PALEMBANG,"-2.9761,104.7754"
137,13708000,SEHAR INTERNATIONAL INC ,283638,KOTA PRABUMULIH,"-3.4214,104.2437"
138,13809100,FOOD COOP ,035178,KAB. BANGKA,"-1.8743,105.923"
139,13904100,LONE MAPLE FARM LLC ,035263,KAB. BANGKA BARAT,"-1.8405,105.5005"
140,14007000,WEISS KOSHER BAKERY INC ,614401,KAB. BANGKA SELATAN,"-2.7411,106.4406"
141,14107100,DELI GROCERY COMERCIAL MEXICANA C,550897,KAB. BANGKA TENGAH,"-2.4008,106.2051"
142,14205400,JIMMYS DELI & PIZZA INC ,727777,KAB. BELITUNG,"-2.7217,107.7636"
143,14309300,HOSSS COUNTRY CORNER INC ,205059,KAB. BELITUNG TIMUR,"-2.8678,108.1429"
144,14403200,150 WYTHE INC ,732939,KOTA PANGKAL PINANG,"-2.1316,106.1169"
145,14508300,WANG DA DOLLAR STORE INC ,731840,KAB. LAMPUNG TENGAH,"-4.8008,105.3131"
146,14607900,SHANTI DELI GROCERY CORP ,740880,KAB. LAMPUNG UTARA,"-4.8134,104.7521"
147,14701300,DOLLAR TREE STORES INC ,262240,KAB. LAMPUNG SELATAN,"-5.5623,105.5474"
148,14802900,DOLGENCORP OF NEW YORK INC ,460164,KAB. LAMPUNG BARAT,"-5.1095,104.1466"
149,14904200,JYOT LLC ,719579,KAB. LAMPUNG TIMUR,"-5.1135,105.6882"
150,15004900,CENTRAL YETEV LEV DSATMAR MT INC ,613243,KAB. MESUJI,"-4.0045,105.3131"
151,15106400,KAMILO FOOD CORP ,730430,KAB. PESAWARAN,"-5.4932,105.0791"
152,15204900,TU GENTE DELI & GROCERY CORP ,607315,KAB. PESISIR BARAT,"-5.2928,104.1234"
153,15309400,DOLLAR TREE STORES INC ,717034,KAB. PRINGSEWU,"-5.3331,104.9856"
154,15405900,YOGI 204 INC ,735120,KAB. TULANG BAWANG,"-4.3177,105.5005"
155,15504200,MAX GROCERY CORP ,741485,KAB. TULANG BAWANG BARAT,"-4.5257,105.0791"
156,15608400,KHABRA ENTERPRISES INC ,716869,KAB. TANGGAMUS,"-5.3027,104.5655"
157,15701900,KOSHER GARDEN INC THE ,616354,KAB. WAY KANAN,"-4.4964,104.5655"
158,15808700,597 FOOD CORP ,611142,KOTA BANDAR LAMPUNG,"-5.3971,105.2668"
159,15906100,JJN CORPORATION ,609022,KOTA METRO,"-5.1178,105.3073"
160,16007400,VM FOODS INC ,725080,KAB. LEBAK,"-6.5644,106.2522"
161,16101700,ELLICO USA INC ,719977,KAB. PANDEGLANG,"-6.7483,105.6882"
162,16208400,TROY DELI INC ,728200,KAB. SERANG,"-6.1397,106.0405"
163,16300900,LEUDY DELI GROCERY CORP ,718783,KAB. TANGERANG,"-6.1872,106.4877"
164,16401800,HILLTOP TOWERS ASSOC ,220167,KOTA CILEGON,"-6.0025,106.0111"
165,16509700,FAIRVIEW FARM INC ,281461,KOTA SERANG,"-6.1104,106.164"
166,16600400,DOLGENCORP OF NEW YORK INC ,731678,KOTA TANGERANG,"-6.2024,106.6527"
167,16703500,GRACES MARKETPLACE EAST LLC ,283088,KOTA TANGERANG SELATAN,"-6.2835,106.7113"
168,16804200,ONEAL UNLIMITED INC ,525061,KAB. BANDUNG,"-7.1341,107.6215"
169,16907800,ELI JOSEPH ,090326,KAB. BANDUNG BARAT,"-6.8652,107.492"
170,17005300,STEWARTS SHOPS CORP ,520237,KAB. BEKASI,"-6.2474,107.1485"
171,17102800,UTICA MINI MARKET AND DELI INC ,717322,KAB. BOGOR,"-6.5518,106.6291"
172,17203900,WAL-MART STORES EAST LP ,520256,KAB. CIAMIS,"-7.3321,108.3493"
173,17302400,RAVINDER INC ,330930,KAB. CIANJUR,"-7.358,107.1957"
174,17407900,WOODRUFF FINEST GROCERY CORP ,719163,KAB. CIREBON,"-6.6899,108.4751"
175,17504300,AVE U FISH MARKET INC ,730294,KAB. GARUT,"-7.5012,107.7636"
176,17602800,ASIAN ONE BEST GROCERY INC ,474685,KAB. INDRAMAYU,"-6.3373,108.3258"
177,17702700,ALDI INC ,722623,KAB. KARAWANG,"-6.3227,107.3376"
178,17802300,BIG LOTS STORES INC ,711970,KAB. KUNINGAN,"-7.0138,108.5701"
179,17903400,JINCO INC ,731486,KAB. MAJALENGKA,"-6.7791,108.2852"
180,18009100,PEACE MARKET CORPORATION ,712525,KAB. PANGANDARAN,"-7.6151,108.4988"
181,18106400,BADAWY PHILLIP M ,141399,KAB. PURWAKARTA,"-6.5649,107.4322"
182,18201900,TOPS PT LLC ,080141,KAB. SUBANG,"-6.3488,107.7636"
183,18309500,DANDY MINI MARTS INC ,495109,KAB. SUKABUMI,"-6.8649,106.9536"
184,18404200,CVS ALBANY LLC ,260901,KAB. SUMEDANG,"-6.8329,107.9532"
185,18505100,CENTRAL STORE LLC ,010795,KAB. TASIKMALAYA,"-7.6513,108.1429"
186,18606300,BROWNIES PRODUCE MARKET LLC ,702951,KOTA BANDUNG,"-6.9175,107.6191"
187,18703500,SPEEDWAY LLC ,720712,KOTA BANJAR,"-7.3707,108.5342"
188,18808900,SINGH & BROTHERS CORP ,490115,KOTA BEKASI,"-6.2383,106.9756"
189,18901600,FONTAK INC ,717001,KOTA BOGOR,"-6.5971,106.806"
190,19009400,SHADIN BANGLA GROCERY INC ,742770,KOTA CIMAHI,"-6.8841,107.5413"
191,19108900,JAB MANAGEMENT GROUP CORP ,710829,KOTA CIREBON,"-6.732,108.5523"
192,19209500,TRIPIFOODS INC ,143468,KOTA DEPOK,"-6.4025,106.7942"
193,19301500,DOLGENCORP OF NY INC ,713614,KOTA SUKABUMI,"-6.9277,106.93"
194,19402700,DEEVINE GOURMET INC ,552274,KOTA TASIKMALAYA,"-7.3506,108.2172"
195,19505100,R&A 1 POUGHKEEPSIE INC ,737496,KOTA JAKARTA,"-6.1751,106.865"
196,19606600,BEER WORLD 11 CORP ,739544,KAB. ADMINISTRASI KEPULAUAN SERIBU,"-5.6122,106.617"
197,19703600,"ROCK STREAM FARM, DBA ",743531,KAB. BANJARNEGARA,"-7.3794,109.6163"
198,19804800,MATTHEWS GROCERY LLC ,460113,KAB. BANYUMAS,"-7.4832,109.1404"
199,19906800,B&B EVOLUTION INC ,471977,KAB. BATANG,"-7.0392,109.9021"
200,20009800,LAKEVIEW DISCOUNT GROCERY LLC ,717477,KAB. BLORA,"-7.0122,111.3799"
201,20103400,YOUSEF MARKET INC ,727596,KAB. BOYOLALI,"-7.4318,110.6884"
202,20205300,SHAMSAN WALDEN GROCERY INC ,737190,KAB. BREBES,"-6.9592,108.9027"
203,20306600,"KPH HEALTHCARE SERVICES, INC. ",311139,KAB. CILACAP,"-7.6178,108.9027"
204,20408900,7-ELEVEN INC ,735234,KAB. DEMAK,"-6.9239,110.6646"
205,20502700,RITE AID OF NEW YORK INC ,140399,KAB. GROBOGAN,"-7.1542,110.9507"
206,20605700,MIDTOWN TOWERS TENANT ASSOC ,220165,KAB. JEPARA,"-6.5827,110.6787"
207,20703800,161 SHADDAD INC ,716328,KAB. KARANGANYAR,"-7.6387,111.046"
208,20809000,DOLLAR TREE STORES INC ,734466,KAB. KEBUMEN,"-7.6681,109.6525"
209,20909300,WALGREEN EASTERN CO INC ,736023,KAB. KENDAL,"-7.0265,110.1879"
210,21003400,FRIENDLY FUEL STOPS INC ,410198,KAB. KLATEN,"-7.6579,110.6646"
211,21104000,NEW LOTS GROCERY SMOKE SHOP INC ,732510,KAB. KUDUS,"-6.7726,110.8791"
212,21200200,AC MEAT MARKET & PRODUCE CORP ,729215,KAB. MAGELANG,"-7.4305,110.2832"
213,21303700,JERUSALEM HALAL MARKET INC ,719711,KAB. PATI,"-6.745,111.046"
214,21404700,TWIN BRIDGES ASSOCIATES INC ,405502,KAB. PEKALONGAN,"-7.0517,109.6163"
215,21506400,COVINO ROBERT ,552826,KAB. PEMALANG,"-7.0599,109.4259"
216,21600400,LOVES TRAVEL STOPS&CNTRY STRS INC,030448,KAB. PURBALINGGA,"-7.3059,109.4259"
217,21700500,MANOS MAX ,728948,KAB. PURWOREJO,"-7.6965,109.9989"
218,21802900,120 N MAIN STREET MEAT CORP ,287834,KAB. REMBANG,"-6.8082,111.4276"
219,21906200,7-ELEVEN INC ,734667,KAB. SEMARANG,"-7.1765,110.4739"
220,22003200,3401 DELI&GROCERY CORP ,602728,KAB. SRAGEN,"-7.4303,111.0092"
221,22108500,BLUE OCEAN FISH CORP ,610275,KAB. SUKOHARJO,"-7.6484,110.8553"
222,22209600,WALGREEN EASTERN CO INC ,410391,KAB. TEGAL,"-6.8588,109.1048"
223,22303100,WICKHAM DELI AND GROCERY ,743233,KAB. TEMANGGUNG,"-7.2749,110.0892"
224,22400200,SJ LUCKY INC ,733934,KAB. WONOGIRI,"-7.8846,111.046"
225,22501800,ALSHAIBI MARKET INC ,738422,KAB. WONOSOBO,"-7.3632,109.9002"
226,22606600,ABOUT FOOD LLC ,728062,KOTA MAGELANG,"-7.4797,110.2177"
227,22704700,KING FRANKLIN DELI CORP ,731341,KOTA PEKALONGAN,"-6.8898,109.6746"
228,22806200,A PINCH OR A POUND COLONIE LLC ,734739,KOTA SALATIGA,"-7.3305,110.5084"
229,22903500,REDLINSKI OF EAST AURORA LLC ,743353,KOTA SEMARANG,"-7.0051,110.4381"
230,23003500,STEWARTS SHOPS CORP ,385521,KOTA SURAKARTA,"-7.5755,110.8243"
231,23104000,KAPOOR NAWAL ,140981,KOTA TEGAL,"-6.8797,109.1256"
232,23208900,RAN-DEV-OZ ENTERPRISES INC ,717342,KAB. BANTUL,"-7.919,110.3785"
233,23306400,NAM FISH MARKET INC ,260061,KAB. GUNUNGKIDUL,"-8.0305,110.6169"
234,23401300,DOLGENCORP OF NEW YORK INC ,736200,KAB. KULON PROGO,"-7.8267,110.1641"
235,23509800,EVANS DELI INC ,741156,KAB. SLEMAN,"-7.7325,110.4024"
236,23606900,VORBE ARCHANGE ,615021,KOTA YOGYAKARTA,"-7.7956,110.3695"
237,23701700,AMMAR DELI AND GROCERY INC ,742653,KAB. BANGKALAN,"-7.0384,112.9137"
238,23805500,TWO BROTHERS GOURMET DELI CORP ,711715,KAB. BANYUWANGI,"-8.2191,114.3691"
239,23906600,NANUK LLC ,710276,KAB. BLITAR,"-8.0955,112.1609"
240,24009500,CHURCH OIL CO INC ,095157,KAB. BOJONEGORO,"-7.3175,111.7615"
241,24106000,LEE GARDENS SUPERMARKET INC ,618851,KAB. BONDOWOSO,"-7.9674,113.9061"
242,24207600,KROHL MAURICE ,311252,KAB. GRESIK,"-7.155,112.5722"
243,24303100,Y K CHOICE DELICATESSANS CORP ,736086,KAB. JEMBER,"-8.1845,113.6681"
244,24407900,TJX COMPANIES INC ,260971,KAB. JOMBANG,"-7.5741,112.2861"
245,24503600,QUATTROCIOCCHI CARMELLA ,136222,KAB. KEDIRI,"-7.8232,112.1907"
246,24604600,ARSHAD MUHAMMAD ,709302,KAB. LAMONGAN,"-7.1269,112.3338"
247,24703900,SUGARFINA INC ,736461,KAB. LUMAJANG,"-8.0944,113.1442"
248,24806200,SUPERLOST COFFEE LLC ,742685,KAB. MADIUN,"-7.6093,111.6184"
249,24907700,F OLIVERS LLC ,500322,KAB. MAGETAN,"-7.6433,111.356"
250,25005600,CVS ALBANY LLC ,605080,KAB. MALANG,"-8.2422,112.7152"
251,25103300,NP PETROLEUM INC ,717179,KAB. MOJOKERTO,"-7.4699,112.4351"
252,25205000,SENSENIG MARLIN N ,743356,KAB. NGANJUK,"-7.5944,111.9046"
253,25301100,DOLGENCORP OF NEW YORK INC ,730633,KAB. NGAWI,"-7.461,111.3322"
254,25407100,PAOLUCCIS MEATS INC ,283402,KAB. PACITAN,"-8.1263,111.1414"
255,25501900,BEST YET MKT OF RIVERHEAD INC ,471566,KAB. PAMEKASAN,"-7.1051,113.5252"
256,25604600,NICKY DELI GROCERY CORP ,722979,KAB. PASURUAN,"-7.786,112.8582"
257,25704800,HICKORY FARMS LLC ,311041,KAB. PONOROGO,"-7.8651,111.4696"
258,25800900,LEVITTOWN FISH MARKET INC ,287582,KAB. PROBOLINGGO,"-7.8718,113.4776"
259,25901200,SCOTT & THERESA LLC ,100358,KAB. SAMPANG,"-7.0402,113.2394"
260,26009900,ZUCKERBAKERS INC ,283760,KAB. SIDOARJO,"-7.4726,112.6675"
261,26106200,MAPLE GLEN SUGAR HOUSE LLC ,141875,KAB. SITUBONDO,"-7.7889,114.1915"
262,26205100,NOTO JOHN ,713191,KAB. SUMENEP,"-6.9254,113.9061"
263,26303500,ARLINE FOOD CENTER CORP ,733562,KAB. TRENGGALEK,"-8.1824,111.6184"
264,26406200,BINNS TALBERT ,336182,KAB. TUBAN,"-6.8955,112.0298"
265,26505800,VARGAS DELI FOOD AND MEAT CORP ,730389,KAB. TULUNGAGUNG,"-8.0912,111.9642"
266,26601300,COSTCO WHOLESALE CORP ,550758,KOTA BATU,"-7.8831,112.5334"
267,26708700,DOLGENCORP OF NEW YORK INC ,310593,KOTA BLITAR,"-8.0955,112.1609"
268,26809400,YOUR FAMILY AUTO CENTER INC ,472217,KOTA KEDIRI,"-7.848,112.0178"
269,26900500,JAMBO GROCERY AND CANDY CORP ,720951,KOTA MADIUN,"-7.6311,111.53"
270,27006600,ELLICO USA INC ,130930,KOTA MALANG,"-7.9666,112.6326"
271,27109400,TOKAROWSKI DAVID & JOHN ,275070,KOTA MOJOKERTO,"-7.4705,112.4401"
272,27206400,SILER JOSEPH M ,706838,KOTA PASURUAN,"-7.6469,112.8999"
273,27303600,SPEEDWAY LLC ,735569,KOTA PROBOLINGGO,"-7.7764,113.2037"
274,27406500,JMD RETAIL INC ,473979,KOTA SURABAYA,"-7.2575,112.7521"
275,27501800,A & S CLOSEOUT HEAVEN INC ,741088,KAB. BADUNG,"-8.5819,115.1771"
276,27609500,STOP & GO MINI MARKET CORP ,731981,KAB. BANGLI,"-8.2976,115.3549"
277,27701600,315 SIGMA INC ,730284,KAB. BULELENG,"-8.2239,114.9517"
278,27805400,RGML CANDIES LLC ,740268,KAB. GIANYAR,"-8.4248,115.2601"
279,27904900,WATSONS CANDIES INC ,713328,KAB. JEMBRANA,"-8.3233,114.6668"
280,28008900,DOLGENCORP OF NEW YORK INC ,400213,KAB. KARANGASEM,"-8.3466,115.5207"
281,28106500,SNELL DONALD B&BEVERLEY B ,290512,KAB. KLUNGKUNG,"-8.7278,115.5444"
282,28201300,ASARAM INC ,170047,KAB. TABANAN,"-8.4596,115.0466"
283,28309200,CASTLE FRUITS & VEGETABLES INC ,719051,KOTA DENPASAR,"-8.6705,115.2126"
284,28407200,COSTCO WHOLESALE CORPORATION ,704905,KAB. BIMA,"-8.4354,118.6265"
285,28503100,7-ELEVEN INC ,735244,KAB. DOMPU,"-8.5364,118.3462"
286,28604900,GENERAL NUTRITION CORP ,610965,KAB. LOMBOK BARAT,"-8.6465,116.1123"
287,28707300,BORHAN FOOD MART CORP ,727472,KAB. LOMBOK TENGAH,"-8.6946,116.2777"
288,28805900,THREE VILLAGE SOCCER CLUB INC ,473635,KAB. LOMBOK TIMUR,"-8.5134,116.561"
289,28909600,YUN TAI INC ,612076,KAB. LOMBOK UTARA,"-8.3739,116.2777"
290,29000400,GALS PLACE INC THE ,220085,KAB. SUMBAWA,"-8.6529,117.3616"
291,29106800,MIRABITO HOLDINGS INC ,125117,KAB. SUMBAWA BARAT,"-8.9293,116.891"
292,29202900,H&A GROCERY DELI INC ,715047,KOTA BIMA,"-8.4643,118.7449"
293,29302400,CVS ALBANY LLC ,130670,KOTA MATARAM,"-8.577,116.1005"
294,29401900,LIMA NORMITA E ,739531,KAB. ALOR,"-8.2928,124.5528"
295,29504100,HEAVENLY CUP LLC ,722837,KAB. BELU,"-9.1539,124.9066"
296,29604100,A PLUS CONVENIENCE STORES INC ,740253,KAB. ENDE,"-8.6763,121.7195"
297,29709300,STOP & SHOP SUPERMARKET COMPANY L,719246,KAB. FLORES TIMUR,"-8.3131,122.9663"
298,29807900,JL COURIER EXPRESS LLC ,724548,KAB. KUPANG,"-9.9906,123.8858"
299,29904300,G&A DELI GROCERY CORP ,734085,KAB. LEMBATA,"-8.4719,123.4832"
300,30002600,EAST FARM LLC ,708244,KAB. MALAKA,"-9.5309,124.9066"
301,30104400,GONGS FISH MARKET INC ,612567,KAB. MANGGARAI,"-8.6797,120.3897"
302,30204800,HADCOCK PEGGY R ,210059,KAB. MANGGARAI BARAT,"-8.6688,120.0665"
303,30301400,YUMMY HAPPY GOURMET DELI INC ,709708,KAB. MANGGARAI TIMUR,"-8.6207,120.62"
304,30401600,LOWVILLE PRODUCERS DAIRY COOP INC,235069,KAB. NGADA,"-8.743,120.9876"
305,30504900,CARLIN SR RONNY M ,736232,KAB. NAGEKEO,"-8.6754,121.3084"
306,30608800,WEGMANS FOOD MARKETS INC ,267612,KAB. ROTE NDAO,"-10.7386,123.1239"
307,30703300,DOLGENCORP OF NEW YORK INC ,728622,KAB. SABU RAIJUA,"-10.5541,121.8335"
308,30803200,LOCH SHELDRAKE FOOD MART INC ,480419,KAB. SIKKA,"-8.6766,122.1292"
309,30905000,TIERRA FARM INC ,100228,KAB. SUMBA BARAT,"-9.6548,119.3947"
310,31001900,FULTON VARIETY INC ,715527,KAB. SUMBA BARAT DAYA,"-9.5391,119.1391"
311,31103500,875 E TREMONT GROCERY DELI CORP ,608530,KAB. SUMBA TENGAH,"-9.4879,119.6963"
312,31200200,CVS ALBANY LLC ,060144,KAB. SUMBA TIMUR,"-9.9802,120.3436"
313,31308700,848 STOP 1 DELI GROCERY INC ,741305,KAB. TIMOR TENGAH SELATAN,"-9.7763,124.4198"
314,31406700,DELTINO HP INC ,740899,KAB. TIMOR TENGAH UTARA,"-9.4523,124.5971"
315,31503500,ALBERMARLE FOOD CORP ,615043,KOTA KUPANG,"-10.1772,123.607"
316,31607400,VALUE DISCOUNT OF 237 INC ,704115,KAB. BENGKAYANG,"1.0691,109.6639"
317,31702800,REISINGER RICK & KAREN ,440039,KAB. KAPUAS HULU,"0.8337,113.0012"
318,31803900,90 J & G DELI GROCERY CORP ,740273,KAB. KAYONG UTARA,"-0.9226,110.045"
319,31906500,IVANOVSKIS DEBORAH & OMAR ,731980,KAB. KETAPANG,"-1.5698,110.5215"
320,32007700,D&A FAMILY DELI INC ,604320,KAB. KUBU RAYA,"-0.3534,109.4735"
321,32102900,TREMONT 5 STAR GOURMET CORP ,730220,KAB. LANDAK,"0.4237,109.7592"
322,32209100,SHOP RITE SUPERMARKET INC ,703650,KAB. MELAWI,"-0.7001,111.6661"
323,32309700,NAIFS GROCERIES INC ,170188,KAB. MEMPAWAH,"0.3897,109.1404"
324,32402300,MAINE DISTRIBUTING INC ,260443,KAB. SAMBAS,"1.3625,109.2832"
325,32503000,OLLEY SHAUN ,727967,KAB. SANGGAU,"0.14,110.5215"
326,32606200,PERRY KATHLEEN ,712229,KAB. SEKADAU,"-0.0697,110.9984"
327,32701300,FRESH PRODUCE INC ,616150,KAB. SINTANG,"-0.1378,112.8106"
328,32803200,CHESTNUT MARTS INC ,713885,KOTA PONTIANAK,"-0.0263,109.3425"
329,32908100,AUNG LIN TIN AND OO HNIN ,718830,KOTA SINGKAWANG,"0.906,108.9872"
330,33004100,DOLLAR TREE STORES INC ,460179,KAB. BALANGAN,"-2.326,115.6155"
331,33108000,A PLUS CONVENIENCE STORES INC ,742276,KAB. BANJAR,"-3.32,114.9991"
332,33208800,CVS ALBANY LLC ,711932,KAB. BARITO KUALA,"-3.0715,114.6668"
333,33301800,L&E SUPERMARKET & DELI INC ,617099,KAB. HULU SUNGAI SELATAN,"-2.7663,115.2363"
334,33400100,BASRA NIRMAL S ,470288,KAB. HULU SUNGAI TENGAH,"-2.6153,115.5207"
335,33509000,INCORPORATED VILLAGE OF BELLPORT ,474991,KAB. HULU SUNGAI UTARA,"-2.4421,115.1889"
336,33604200,AVS PHARMACY INC ,608788,KAB. KOTABARU,"-3.003,115.9468"
337,33707300,COLLIGNON ROBERT ,727153,KAB. TABALONG,"-1.8643,115.5681"
338,33800400,930-CLARIBEL DELI INC ,743090,KAB. TANAH BUMBU,"-3.4512,115.5681"
339,33904600,314 MATANZA DELI GROCERY #2 CORP ,737165,KAB. TANAH LAUT,"-3.7694,114.8093"
340,34005800,FRUIT MARKET SAN MARCOS INC ,743152,KAB. TAPIN,"-2.9161,115.0466"
341,34106000,CVS ALBANY LLC ,282019,KOTA BANJARBARU,"-3.4572,114.8103"
342,34204900,JYJ DELI GROCERY CORP ,609037,KOTA BANJARMASIN,"-3.3186,114.5944"
343,34300300,HAMMEL MARTIN ,471024,KAB. BARITO SELATAN,"-1.8759,114.8093"
344,34401800,HT MEAT & PRODUCE CORP ,708798,KAB. BARITO TIMUR,"-2.0124,115.1889"
345,34501700,DIAMOND FISH AND MEAT MARKET INC ,731693,KAB. BARITO UTARA,"-0.9587,115.094"
346,34609300,TORTE JEFF PIE CO ,740966,KAB. GUNUNG MAS,"-1.2522,113.5729"
347,34710000,HOFFMAN SYDNEY L ,143034,KAB. KAPUAS,"-1.8116,114.3341"
348,34802400,NARVAEZ FOOD CORP ,705168,KAB. KATINGAN,"-0.9758,112.8106"
349,34908000,AVENUE B GROCERY CORP ,740916,KAB. KOTAWARINGIN BARAT,"-2.5063,111.7615"
350,35004900,LAWRENCE DIANE B ,709755,KAB. KOTAWARINGIN TIMUR,"-2.1225,112.8106"
351,35105000,NICHOLAS BROOKLYN INC ,730429,KAB. LAMANDAU,"-1.8526,111.2845"
352,35202100,STEWARTS SHOPS CORP ,714349,KAB. MURUNG RAYA,"-0.1362,114.3341"
353,35300100,DONAHUE PATRICK H ,552070,KAB. PULANG PISAU,"-2.685,113.9536"
354,35405300,AMP USA INC ,736584,KAB. SUKAMARA,"-2.6268,111.2368"
355,35509300,SCHOHARIE CO COOP DAIRIES INC ,430080,KAB. SERUYAN,"-3.0123,112.4291"
356,35602700,FER-REAL FOODS INC ,734503,KOTA PALANGKARAYA,"-2.2161,113.914"
357,35707000,FRUIT JAM OF MONROE LLC ,707007,KAB. BERAU,"2.0451,117.3616"
358,35802700,BENTO NOUVEAU INC ,741510,KAB. KUTAI BARAT,"-0.4052,115.8522"
359,35905100,JD 710 FOOD CORP ,613323,KAB. KUTAI KARTANEGARA,"-0.1337,116.6082"
360,36005200,EASTERN PETROLEUM CORP ,729109,KAB. KUTAI TIMUR,"0.9434,116.9852"
361,36103100,LAKE CARMEL RX INC ,370180,KAB. MAHAKAM ULU,"0.9617,114.7143"
362,36207700,RED BARREL CIDER MILL INC ,147899,KAB. PASER,"-1.7175,115.9468"
363,36306300,OCEANA EXPRESS PHARMACY INC ,671656,KAB. PENAJAM PASER UTARA,"-1.2917,116.5138"
364,36406400,CVS ALBANY LLC ,713619,KOTA BALIKPAPAN,"-1.2379,116.8529"
365,36501100,ECKERD CORP ,075187,KOTA BONTANG,"0.1209,117.48"
366,36610000,MANHATTAN CONVENIENCE CORP ,725386,KOTA SAMARINDA,"-0.4948,117.1436"
367,36704300,SYRACUSE REAL FOOD CO-OP INC ,311665,KAB. BULUNGAN,"2.9042,116.9852"
368,36805000,GRAND DELI GROCERY CORP ,743077,KAB. MALINAU,"3.0731,116.0414"
369,36907300,DOLGENCORP OF NEW YORK INC ,040099,KAB. NUNUKAN,"4.081,116.6082"
370,37005400,WALGREENS EASTERN CO INC ,473594,KAB. TANA TIDUNG,"3.5519,117.0794"
371,37102000,SMANNIK INC ,709053,KOTA TARAKAN,"3.3274,117.5785"
372,37209300,NEW UNIVERSAL GROCERY INC ,619961,KAB. BOALEMO,"0.7013,122.2654"
373,37302400,SAVEMORE BEVERAGE CORP ,410066,KAB. BONE BOLANGO,"0.5658,123.3486"
374,37408300,HASMUJH G PATEL INC ,616101,KAB. GORONTALO,"0.5693,122.8084"
375,37509200,EMPIRE 77 INC ,740386,KAB. GORONTALO UTARA,"0.9253,122.492"
376,37606600,NEW HYDE PARK CAR CARE CENTER INC,719910,KAB. POHUWATO,"0.7055,121.7195"
377,37701500,A-PLUS CONVENIENCE STORES INC ,742018,KOTA GORONTALO,"0.5435,123.0568"
378,37803600,LITTLE WESCOTT GROCERIES INC ,475754,KAB. BANTAENG,"-5.5169,120.0203"
379,37902800,SC OF MID HUDSON NY INC ,728839,KAB. BARRU,"-4.4364,119.6499"
380,38005700,FEDERAL MARKET CO INC ,149480,KAB. BONE,"-4.7443,120.0665"
381,38105900,PREMRANG LLC ,390764,KAB. BULUKUMBA,"-5.4329,120.2051"
382,38201700,ROCK HILL BAKEHOUSE LTD INC ,741748,KAB. ENREKANG,"-3.4591,119.8815"
383,38303800,MAS DISCOUNT STORE CORP ,732582,KAB. GOWA,"-5.3103,119.7426"
384,38404100,"KPH HEALTHCARE SERVICES, INC. ",250082,KAB. JENEPONTO,"-5.5546,119.6731"
385,38507500,SHOP-RITE SUPERMARKETS INC ,330660,KAB. KEPULAUAN SELAYAR,"-6.287,120.5049"
386,38605400,AMIZH OLIR CORP ,736312,KAB. LUWU,"-3.3052,120.2513"
387,38706500,ESSEX COUNTY CHAPTER NYSARC INC ,739710,KAB. LUWU TIMUR,"-2.5826,121.171"
388,38807600,SALS PLACE DELI & GROCERY 1 CORP ,738799,KAB. LUWU UTARA,"-2.269,119.9741"
389,38901600,FAMILY FIRST DELI & GROCERY LLC ,740600,KAB. MAROS,"-5.0549,119.6963"
390,39008300,MOHAWK HARVEST COOP MARKET INC ,170154,KAB. PANGKAJENE DAN KEPULAUAN,"-4.805,119.5572"
391,39108400,JAMTAN AFRICAN AMERICAN MKT CORP ,608820,KAB. PINRANG,"-3.6483,119.5572"
392,39206400,EL BERIH DELI CORP ,616928,KAB. SIDENRENG RAPPANG,"-3.7739,120.0203"
393,39304500,SPEEDWAY LLC ,720479,KAB. SINJAI,"-5.2172,120.1127"
394,39403600,BENTO NOUVEAU INC ,723047,KAB. SOPPENG,"-4.3519,119.9278"
395,39510000,7-ELEVEN INC ,735172,KAB. TAKALAR,"-5.4162,119.4876"
396,39602400,REID STORES INC ,060319,KAB. TANA TORAJA,"-3.0753,119.7426"
397,39705900,PRICE CHOPPER OPERATING CO INC ,010454,KAB. TORAJA UTARA,"-2.8622,119.8352"
398,39802500,CVS ALBANY LLC ,472295,KAB. WAJO,"-4.0222,120.0665"
399,39904400,DOLGENCORP OF NEW YORK INC ,310974,KOTA MAKASSAR,"-5.1477,119.4327"
400,40004400,BUEN SAZON DELI CORP ,742729,KOTA PALOPO,"-3.0016,120.1985"
401,40104000,RITE PRICE GAS & FOOD MART INC ,300468,KOTA PAREPARE,"-4.0096,119.6291"
402,40205500,SOTO GROCERY & DELI #2 INC ,721516,KAB. BOMBANA,"-4.6543,121.9018"
403,40306500,SURE DELI GROCERY INC ,732089,KAB. BUTON,"-5.3096,122.9888"
404,40404100,JN MINI MART INC ,726829,KAB. BUTON SELATAN,"-5.3096,122.9888"
405,40503200,EAST MEADOW FOOD INC ,702884,KAB. BUTON TENGAH,"-5.3891,122.5599"
406,40600100,HAMPTON CONFECTIONS INC ,742458,KAB. BUTON UTARA,"-4.7023,123.0339"
407,40704800,WAL-MART STORES EAST LP ,330613,KAB. KOLAKA,"-3.9947,121.5827"
408,40801700,WNY PETROLEUM INC ,728566,KAB. KOLAKA TIMUR,"-4.2279,121.9018"
409,40903500,LOU JANE MARKET INC ,706366,KAB. KOLAKA UTARA,"-3.1347,121.171"
410,41002800,SNAP MART OF BUFFALO INC ,142830,KAB. KONAWE,"-3.938,122.0837"
411,41109100,STAUBER PERFORMANCE INGREDIENTS I,706290,KAB. KONAWE KEPULAUAN,"-4.1361,123.1239"
412,41210000,OMGURUOM CORP ,705014,KAB. KONAWE SELATAN,"-4.2028,122.4467"
413,41303200,RABBLE & LION COFFEE LLC ,736534,KAB. KONAWE UTARA,"-3.3803,122.0837"
414,41400700,JT CENTER GAS INC ,551287,KAB. MUNA,"-4.9016,122.6277"
415,41507500,SAUGERTIES SNACK SHOP INC ,736526,KAB. MUNA BARAT,"-4.9016,122.6277"
416,41605200,RINVILLE YVONNE ,733194,KAB. WAKATOBI,"-5.6504,123.8902"
417,41709900,86TH ST GOURMET DELI & GRILL INC ,733523,KOTA BAU-BAU,"-5.5071,122.5969"
418,41810000,PRICE RIGHT DELI CORP ,727273,KOTA KENDARI,"-3.9985,122.513"
419,41900200,EZ WHITE STREET CORP ,741000,KAB. BANGGAI,"-0.9562,122.6277"
420,42003300,CRUZ LUIS A ,614616,KAB. BANGGAI KEPULAUAN,"-0.9562,122.6277"
421,42106800,LA GRANJA MEAT MARKET INC ,608884,KAB. BANGGAI LAUT,"-1.6735,123.5504"
422,42200700,CVS ALBANY LLC ,733897,KAB. BUOL,"0.9695,121.3542"
423,42304400,PARKVIEW MARKETS LLC ,715176,KAB. DONGGALA,"-0.4233,119.8352"
424,42404600,DIGNORA DELI GROCERY INC ,730030,KAB. MOROWALI,"-2.6987,121.9018"
425,42505600,HYDE PARK QUICK STOP INC ,739797,KAB. MOROWALI UTARA,"-1.6312,121.3542"
426,42609600,PARGO FISH MARKET INC ,716078,KAB. PARIGI MOUTONG,"0.5818,120.8039"
427,42703300,NUNEZ COUSINS GROCERY CORP ,608705,KAB. POSO,"-1.6469,120.4358"
428,42809100,L W AFRICAN MARKET INC ,607433,KAB. SIGI,"-1.386,119.8815"
429,42904400,JANSON SUPERMARKETS LLC ,470326,KAB. TOJO UNA-UNA,"-1.0988,121.537"
430,43000500,ZIMMERMAN NATHAN ,733439,KAB. TOLI-TOLI,"0.8768,120.758"
431,43107900,ALDI INC ,290011,KOTA PALU,"-0.9003,119.878"
432,43202700,CAFE BON LLC ,720276,KAB. BOLAANG MONGONDOW,"0.6871,124.0641"
433,43300200,OAKFIELD COUNTRY MART INC ,565151,KAB. BOLAANG MONGONDOW SELATAN,"0.4053,123.8411"
434,43409600,NABER ISSA ,555768,KAB. BOLAANG MONGONDOW TIMUR,"0.7153,124.4642"
435,43503200,WESTERN MINI MART INC ,261175,KAB. BOLAANG MONGONDOW UTARA,"0.907,123.2657"
436,43607900,MARTINS FOODS OF S BURLINGTON LLC,305790,KAB. KEPULAUAN SANGIHE,"3.6329,125.5001"
437,43708800,NEW KING FISH INC ,735002,KAB. KEPULAUAN SIAU TAGULANDANG BIARO,"2.346,125.4124"
438,43804700,OLD POLAND FOODS LLC ,610596,KAB. KEPULAUAN TALAUD,"4.3067,126.8035"
439,43906500,DOLGENCORP OF NEW YORK INC ,735106,KAB. MINAHASA,"1.2169,124.8183"
440,44009300,SPEEDWAY LLC ,720651,KAB. MINAHASA SELATAN,"1.0947,124.4642"
441,44106000,MI FIESTA DELI GROCERY INC ,609028,KAB. MINAHASA TENGGARA,"1.0279,124.7299"
442,44208500,ENDERS KIMBERLY ,717718,KAB. MINAHASA UTARA,"1.5328,124.9948"
443,44308100,NORSWORTHY JOANNA & LAW WILLIAM ,715263,KOTA BITUNG,"1.4404,125.1217"
444,44404900,REEL SWEET SUSHI INC ,741529,KOTA KOTAMOBAGU,"0.7244,124.3199"
445,44500400,PARK SLOPE FOOD COOP INC ,615640,KOTA MANADO,"1.4748,124.8421"
446,44608700,HP ARORA INC ,742030,KOTA TOMOHON,"1.3229,124.8405"
447,44700500,PECKS MARKET INC ,480020,KAB. MAJENE,"-3.0297,118.9063"
448,44807600,SPEEDWAY LLC ,720663,KAB. MAMASA,"-2.9118,119.325"
449,44901100,GALLUP ELIZABETH & GORDON ,703000,KAB. MAMUJU,"-2.492,119.325"
450,45006700,FAMILY DOLLAR STORES OF NY INC ,190141,KAB. MAMUJU TENGAH,"-1.9354,119.5108"
451,45104100,HONG JIK JUNG ,722670,KAB. MAMUJU UTARA,"-1.5265,119.5108"
452,45206700,HILL DELI GROCERY CORP 2 ,728719,KAB. POLEWALI MANDAR,"-3.3419,119.1391"
453,45306300,FAMILY DOLLAR STORES OF NY INC ,141386,KAB. BURU,"-3.3307,126.6957"
454,45409100,EURO DELI OF RIVERHEAD INC ,471298,KAB. BURU SELATAN,"-3.7274,126.6957"
455,45503000,SEA 2 U FISH MARKET INC ,733175,KAB. KEPULAUAN ARU,"-6.1947,134.5502"
456,45600100,SSNS EXPRESS LLC ,738824,KAB. MALUKU BARAT DAYA,"-7.7852,126.3498"
457,45700700,DEPEW EXPRESS INC ,739503,KAB. MALUKU TENGAH,"-3.0167,129.4864"
458,45801500,HICKSVILLE BEER & SODA INC ,283804,KAB. MALUKU TENGGARA,"-5.7512,132.7272"
459,45900100,BALDWIN PLACE GAS STATION INC ,719503,KAB. MALUKU TENGGARA BARAT,"-7.5323,131.3611"
460,46001700,PUJARI INC ,020141,KAB. SERAM BAGIAN BARAT,"-3.1272,128.4008"
461,46109800,ASSURED EDGE SOLUTIONS LLC ,730391,KAB. SERAM BAGIAN TIMUR,"-3.4233,130.2271"
462,46204000,MOBIL 376 CORP ,740478,KOTA AMBON,"-3.6554,128.1908"
463,46300400,BHUTANESE GROCERY STORE LLC ,731328,KOTA TUAL,"-5.6266,132.7521"
464,46406800,WALMART STORES EAST LP ,706974,KAB. HALMAHERA BARAT,"1.359,127.5961"
465,46502400,BUFFALO CITY LIMIT FOOD INC ,739392,KAB. HALMAHERA TENGAH,"0.442,128.3587"
466,46601800,TOP SEEDZ LLC ,735788,KAB. HALMAHERA UTARA,"1.5074,127.8937"
467,46707100,FIRST STOP DELI GROCERY 2017 CORP,725788,KAB. HALMAHERA SELATAN,"-1.5109,127.7238"
468,46803800,ALI EDREES FAYSIL ,702839,KAB. KEPULAUAN SULA,"-1.8456,125.3431"
469,46908300,BENTO NOUVEAU INC ,738552,KAB. HALMAHERA TIMUR,"1.3121,128.485"
470,47009900,VANGUARD FUEL INC ,320163,KAB. PULAU MOROTAI,"2.3657,128.4008"
471,47102100,MICHELLE LANDINGS INC ,552389,KAB. PULAU TALIABU,"-1.8268,124.7741"
472,47204300,MONTAUK JUICE FACTORY LLC ,711578,KOTA TERNATE,"0.771,127.3695"
473,47305200,NEW CANDY PLAZA CORP ,723961,KOTA TIDORE KEPULAUAN,"0.674,127.4041"
474,47406500,JIFF-E-MART LLC ,385514,KAB. ASMAT,"-5.0574,138.3988"
475,47500600,DICK ALLAN ,360179,KAB. BIAK NUMFOR,"-1.0381,135.9801"
476,47609900,YOURS WHOLESOME FOOD NO 1 INC ,730998,KAB. BOVEN DIGOEL,"-5.74,140.3482"
477,47707900,LAKEWOOD MART INC ,060056,KAB. DEIYAI,"-4.0975,136.4393"
478,47803900,MICHA-EL ENTERPRISES LLC ,725130,KAB. DOGIYAI,"-4.0454,135.6763"
479,47903000,FRED D MAXWELL CO INC ,050084,KAB. INTAN JAYA,"-3.5076,136.7478"
480,48005000,BOB MOUNTAIN GROCERY INC ,130695,KAB. JAYAPURA,"-2.9879,139.8547"
481,48106800,REID STORES INC ,727940,KAB. JAYAWIJAYA,"-4.0004,138.7995"
482,48204400,HAJAR INC ,611526,KAB. KEEROM,"-3.345,140.7624"
483,48309800,BAYWATER GROUP INC ,712596,KAB. KEPULAUAN YAPEN,"-1.7469,136.1709"
484,48408100,ALDI INC ,330746,KAB. LANNY JAYA,"-3.971,138.319"
485,48501900,REID STORES INC ,727999,KAB. MAMBERAMO RAYA,"-2.5331,137.7638"
486,48607800,PARILLO PAUL M ,728780,KAB. MAMBERAMO TENGAH,"-2.3746,138.319"
487,48708200,CVS ALBANY LLC ,282870,KAB. MAPPI,"-6.7606,139.6911"
488,48805700,S AND S MART INC ,142929,KAB. MERAUKE,"-7.7838,139.0413"
489,48909200,WILSONS MARKET OF ELLENVILLE INC ,510041,KAB. MIMIKA,"-4.4553,137.1362"
490,49008200,GET HEALTHY AMERICA INC ,282329,KAB. NABIRE,"-3.5095,135.7521"
491,49100900,MORSE DOUGLAS M II ,727837,KAB. NDUGA,"-4.4069,138.2394"
492,49206200,AHMED A ALREZAKI & MUGALLI S ALZO,618613,KAB. PANIAI,"-3.7876,136.3625"
493,49309900,YB MARKET INC ,615325,KAB. PEGUNUNGAN BINTANG,"-4.559,140.5136"
494,49400400,NEW MT PLEASANT BAKERY INC THE ,425288,KAB. PUNCAK,"-3.8649,137.6062"
495,49504400,EL BODEGON DELI & MEAT CORP ,727916,KAB. PUNCAK JAYA,"-3.4468,137.8427"
496,49601700,125 SPRUCE ST FARMERS MARKET INC ,281288,KAB. SARMI,"-2.4678,139.2031"
497,49703700,FAMILY DOLLAR STORES OF NY INC ,290239,KAB. SUPIORI,"-0.7295,135.6385"
498,49801700,Z&T INC ,010561,KAB. TOLIKARA,"-3.4811,138.4787"
499,49908900,R&E CORP ,609927,KAB. WAROPEN,"-1.7469,136.1709"
500,50008400,GONZALEZ RICARDO ,617752,KAB. YAHUKIMO,"-4.494,139.528"
501,50101600,JASON D SCIME INC ,736945,KAB. YALIMO,"-3.7853,139.4466"
502,50209400,FASTRAC EG LLC ,738999,KOTA JAYAPURA,"-2.5916,140.669"
503,50304200,SK BELLMORE LLC ,283353,KAB. YAPEN WAROPEN,"-1.7469,136.1709"
504,50401100,JER DELI CORP ,281860,KAB. FAKFAK,"-3.0977,133.0195"
505,50505100,EURO PACK INC ,739334,KAB. KAIMANA,"-3.2884,133.9437"
506,50606400,16TH ST COOPERATIVE CORP ,614587,KAB. MANOKWARI,"-0.999,133.0195"
507,50705400,YUNIOR DELI & GROCERY INC ,736877,KAB. MANOKWARI SELATAN,"-0.999,133.0195"
508,50804100,MILADYS SUPER DELI CORP ,731942,KAB. MAYBRAT,"-1.2971,132.3151"
509,50906700,1032 LDB CORP ,474638,KAB. PEGUNUNGAN ARFAK,"-1.1555,133.7142"
510,51001200,NEWKIRK HALAL GROCERY INC ,737355,KAB. RAJA AMPAT,"-1.0915,130.8779"
511,51102700,GRULLON JUAN A ,601524,KAB. SORONG,"-1.1223,131.4883"
512,51201400,FRESH MARKET INC ,280207,KAB. SORONG SELATAN,"-1.7658,132.1573"
513,51307000,ED&JEANS MARKET INC ,055285,KAB. TAMBRAUW,"-0.7819,132.3938"
514,51401300,MMS 533 SERVICE CORP ,709459,KAB. TELUK BINTUNI,"-1.9057,133.3295"
515,51503700,MARTIN CARL H ,450047,KAB. TELUK WONDAMA,"-2.8552,134.3237"
516,51603600,GISELLE MINIMARKET CORP ,737619,KOTA SORONG,"-0.8762,131.2558"
